web_name,Player
B.Fernandes,Bruno Fernandes
Sarr,Sarr (Pape)
Hee Chan,Hwang Hee-Chan
Schär,Schar
Luis Díaz,Díaz
Sterling,Sterling (Raheem)
Nketiah,Eddie Nketiah
Ødegaard,Odegaard
Diogo J.,Diogo Jota
Wood,Wood (Chris)